path,kind,ldjson_blocks,top_level,nested,error
/italien/madlavningskursus-paa-amalfikysten,trip,4,BreadcrumbList|Organization|Product|WebSite,AggregateOffer|BreadcrumbList|ListItem|Offer|Organization|Product|SearchAction|WebSite,
/england/haverejse-i-det-sydoestlige-england,trip,5,BreadcrumbList|FAQPage|Organization|Product|WebSite,AggregateOffer|Answer|BreadcrumbList|FAQPage|ListItem|Offer|Organization|Product|Question|SearchAction|WebSite,
/spanien/autentiske-catalonien-og-costa-brava,trip,4,BreadcrumbList|Organization|Product|WebSite,AggregateOffer|BreadcrumbList|ListItem|Offer|Organization|Product|SearchAction|WebSite,
/oestrig/kultur-i-alperne,trip,4,BreadcrumbList|Organization|Product|WebSite,AggregateOffer|BreadcrumbList|ListItem|Organization|Product|SearchAction|WebSite,
/portugal/jul-paa-madeira,trip,5,BreadcrumbList|FAQPage|Organization|Product|WebSite,AggregateOffer|Answer|BreadcrumbList|FAQPage|ListItem|Offer|Organization|Product|Question|SearchAction|WebSite,
/frankrig/paris-mon-amour-storbyliv-og-stemning-paa-seinen,trip,4,BreadcrumbList|Organization|Product|WebSite,AggregateOffer|BreadcrumbList|ListItem|Offer|Organization|Product|SearchAction|WebSite,
/egypten/cairo-og-nilkrydstogt,trip,5,BreadcrumbList|FAQPage|Organization|Product|WebSite,AggregateOffer|Answer|BreadcrumbList|FAQPage|ListItem|Offer|Organization|Product|Question|SearchAction|WebSite,
/italien/amalfikysten-til-foraarspris,trip,4,BreadcrumbList|Organization|Product|WebSite,AggregateOffer|BreadcrumbList|ListItem|Organization|Product|SearchAction|WebSite,
/vietnam/det-bedste-af-vietnam,trip,5,BreadcrumbList|FAQPage|Organization|Product|WebSite,AggregateOffer|Answer|BreadcrumbList|FAQPage|ListItem|Offer|Organization|Product|Question|SearchAction|WebSite,
/thailand/thailand-smilets-land,trip,5,BreadcrumbList|FAQPage|Organization|Product|WebSite,AggregateOffer|Answer|BreadcrumbList|FAQPage|ListItem|Offer|Organization|Product|Question|SearchAction|WebSite,
/italien/det-ukendte-norditalien,trip,4,BreadcrumbList|Organization|Product|WebSite,AggregateOffer|BreadcrumbList|ListItem|Offer|Organization|Product|SearchAction|WebSite,
/portugal/nytaar-i-porto,trip,5,BreadcrumbList|FAQPage|Organization|Product|WebSite,AggregateOffer|Answer|BreadcrumbList|FAQPage|ListItem|Offer|Organization|Product|Question|SearchAction|WebSite,
/italien/kulinariske-vandringer-paa-amalfikysten-september-2026,trip,5,BreadcrumbList|FAQPage|Organization|Product|WebSite,AggregateOffer|Answer|BreadcrumbList|FAQPage|ListItem|Offer|Organization|Product|Question|SearchAction|WebSite,
/sverige/gotland-svensk-sommeridyl,trip,4,BreadcrumbList|Organization|Product|WebSite,AggregateOffer|BreadcrumbList|ListItem|Offer|Organization|Product|SearchAction|WebSite,
/flodkrydstogter/flodkrydstogt-paa-rhone-floden,trip,5,BreadcrumbList|FAQPage|Organization|Product|WebSite,AggregateOffer|Answer|BreadcrumbList|FAQPage|ListItem|Offer|Organization|Product|Question|SearchAction|WebSite,
/spanien/andalusiens-lys-med-cadiz-og-sevilla,trip,4,BreadcrumbList|Organization|Product|WebSite,AggregateOffer|BreadcrumbList|ListItem|Offer|Organization|Product|SearchAction|WebSite,
/portugal/nytaarsrejse-til-lissabon,trip,5,BreadcrumbList|FAQPage|Organization|Product|WebSite,AggregateOffer|Answer|BreadcrumbList|FAQPage|ListItem|Offer|Organization|Product|Question|SearchAction|WebSite,
/portugal/mageloese_madeira_med_blomsterfestival,trip,5,BreadcrumbList|FAQPage|Organization|Product|WebSite,AggregateOffer|Answer|BreadcrumbList|FAQPage|ListItem|Offer|Organization|Product|Question|SearchAction|WebSite,
/spanien/solformoerkelse-i-spanien-med-astrofysiker-michael-linden-voernle,trip,4,BreadcrumbList|Organization|Product|WebSite,AggregateOffer|BreadcrumbList|ListItem|Organization|Product|SearchAction|WebSite,
/spanien/solformoerkelse-i-spanien-bilbao,trip,4,BreadcrumbList|Organization|Product|WebSite,AggregateOffer|BreadcrumbList|ListItem|Organization|Product|SearchAction|WebSite,
/italien/amalfi-a-la-carte,trip,4,BreadcrumbList|Organization|Product|WebSite,AggregateOffer|BreadcrumbList|ListItem|Offer|Organization|Product|SearchAction|WebSite,
/sri-lanka/sri-lanka-for-livsnydere,trip,5,BreadcrumbList|FAQPage|Organization|Product|WebSite,AggregateOffer|Answer|BreadcrumbList|FAQPage|ListItem|Offer|Organization|Product|Question|SearchAction|WebSite,
/flodkrydstogter/flodkrydstogt-paa-rhone-floden-2027,trip,5,BreadcrumbList|FAQPage|Organization|Product|WebSite,AggregateOffer|Answer|BreadcrumbList|FAQPage|ListItem|Offer|Organization|Product|Question|SearchAction|WebSite,
/sydafrika/sydafrika-for-livsnydere,trip,5,BreadcrumbList|FAQPage|Organization|Product|WebSite,AggregateOffer|Answer|BreadcrumbList|FAQPage|ListItem|Offer|Organization|Product|Question|SearchAction|WebSite,
/spanien/rundrejse-i-andalusien-med-tog,trip,4,BreadcrumbList|Organization|Product|WebSite,AggregateOffer|BreadcrumbList|ListItem|Offer|Organization|Product|SearchAction|WebSite,
/flodkrydstogter/flodkrydstogt-paa-donaufloden,trip,5,BreadcrumbList|FAQPage|Organization|Product|WebSite,AggregateOffer|Answer|BreadcrumbList|FAQPage|ListItem|Organization|Product|Question|SearchAction|WebSite,
/frankrig/flodkrydstogt-paa-rhinen-og-tur-med-gletsjerekspressen,trip,5,BreadcrumbList|FAQPage|Organization|Product|WebSite,AggregateOffer|Answer|BreadcrumbList|FAQPage|ListItem|Offer|Organization|Product|Question|SearchAction|WebSite,
/portugal/lissabon-a-la-carte,trip,4,BreadcrumbList|Organization|Product|WebSite,AggregateOffer|BreadcrumbList|ListItem|Offer|Organization|Product|SearchAction|WebSite,
/kina/vandreferie-paa-den-kinesiske-mur,trip,5,BreadcrumbList|FAQPage|Organization|Product|WebSite,AggregateOffer|Answer|BreadcrumbList|FAQPage|ListItem|Offer|Organization|Product|Question|SearchAction|WebSite,
/portugal/portugals-groenne-oerige-azorerne-og-madeira,trip,5,BreadcrumbList|FAQPage|Organization|Product|WebSite,AggregateOffer|Answer|BreadcrumbList|FAQPage|ListItem|Offer|Organization|Product|Question|SearchAction|WebSite,
/kina/kina-pagoder-pandaer-og-paladser,trip,5,BreadcrumbList|FAQPage|Organization|Product|WebSite,AggregateOffer|Answer|BreadcrumbList|FAQPage|ListItem|Offer|Organization|Product|Question|SearchAction|WebSite,
/kina/kina-og-tibet-ekspressen,trip,5,BreadcrumbList|FAQPage|Organization|Product|WebSite,AggregateOffer|Answer|BreadcrumbList|FAQPage|ListItem|Offer|Organization|Product|Question|SearchAction|WebSite,
/spanien/fra-bilbao-til-bordeaux-en-kulturel-rejse-gennem-baskerland-og-sydfrankrig,trip,4,BreadcrumbList|Organization|Product|WebSite,AggregateOffer|BreadcrumbList|ListItem|Offer|Organization|Product|SearchAction|WebSite,
/marokko/farverige-marokko-fra-tanger-til-marrakech,trip,5,BreadcrumbList|FAQPage|Organization|Product|WebSite,AggregateOffer|Answer|BreadcrumbList|FAQPage|ListItem|Offer|Organization|Product|Question|SearchAction|WebSite,
/skotland/haverejse-til-skotland,trip,5,BreadcrumbList|FAQPage|Organization|Product|WebSite,AggregateOffer|Answer|BreadcrumbList|FAQPage|ListItem|Offer|Organization|Product|Question|SearchAction|WebSite,
/sydafrika/sydafrika-et-eventyr-i-tre-akter,trip,5,BreadcrumbList|FAQPage|Organization|Product|WebSite,AggregateOffer|Answer|BreadcrumbList|FAQPage|ListItem|Offer|Organization|Product|Question|SearchAction|WebSite,
/portugal/lissabon-og-alentejos-herligheder,trip,4,BreadcrumbList|Organization|Product|WebSite,AggregateOffer|BreadcrumbList|ListItem|Offer|Organization|Product|SearchAction|WebSite,
/italien/hjertet-af-italien-paa-elcykel,trip,5,BreadcrumbList|FAQPage|Organization|Product|WebSite,AggregateOffer|Answer|BreadcrumbList|FAQPage|ListItem|Offer|Organization|Product|Question|SearchAction|WebSite,
/skotland/sommer-i-skotland,trip,5,BreadcrumbList|FAQPage|Organization|Product|WebSite,AggregateOffer|Answer|BreadcrumbList|FAQPage|ListItem|Organization|Product|Question|SearchAction|WebSite,
/sydafrika/sydafrika-cape-cabernet-og-safari,trip,5,BreadcrumbList|FAQPage|Organization|Product|WebSite,AggregateOffer|Answer|BreadcrumbList|FAQPage|ListItem|Offer|Organization|Product|Question|SearchAction|WebSite,
/italien/siciliens-riviera,trip,4,BreadcrumbList|Organization|Product|WebSite,AggregateOffer|BreadcrumbList|ListItem|Organization|Product|SearchAction|WebSite,
/baltikum/den-baltiske-odysse,trip,4,BreadcrumbList|Organization|Product|WebSite,AggregateOffer|BreadcrumbList|ListItem|Organization|Product|SearchAction|WebSite,
/portugal/haverejse-til-nordportugal,trip,5,BreadcrumbList|FAQPage|Organization|Product|WebSite,AggregateOffer|Answer|BreadcrumbList|FAQPage|ListItem|Offer|Organization|Product|Question|SearchAction|WebSite,
/bulgarien/bulgariens-skjulte-skatte,trip,4,BreadcrumbList|Organization|Product|WebSite,AggregateOffer|BreadcrumbList|ListItem|Offer|Organization|Product|SearchAction|WebSite,
/flodkrydstogter/douro-deluxe-flodkrydstogt-paa-dourofloden,trip,5,BreadcrumbList|FAQPage|Organization|Product|WebSite,AggregateOffer|Answer|BreadcrumbList|FAQPage|ListItem|Organization|Product|Question|SearchAction|WebSite,
/tjekkiet/magiske-prag-en-kulturrejse-i-europas-hjerte,trip,4,BreadcrumbList|Organization|Product|WebSite,AggregateOffer|BreadcrumbList|ListItem|Organization|Product|SearchAction|WebSite,
/georgien/vandreferie-i-georgien-svaneti,trip,4,BreadcrumbList|Organization|Product|WebSite,AggregateOffer|BreadcrumbList|ListItem|Organization|Product|SearchAction|WebSite,
/italien/sommer-ved-gardasoeen,trip,4,BreadcrumbList|Organization|Product|WebSite,AggregateOffer|BreadcrumbList|ListItem|Organization|Product|SearchAction|WebSite,
/spanien/solformoerkelse-i-spanien-valencia,trip,4,BreadcrumbList|Organization|Product|WebSite,AggregateOffer|BreadcrumbList|ListItem|Organization|Product|SearchAction|WebSite,
/balkan/betagende-syd-balkan,trip,4,BreadcrumbList|Organization|Product|WebSite,AggregateOffer|BreadcrumbList|ListItem|Organization|Product|SearchAction|WebSite,
/cypern/charmerende-cypern-kultur-og-livsnydelse,trip,4,BreadcrumbList|Organization|Product|WebSite,AggregateOffer|BreadcrumbList|ListItem|Organization|Product|SearchAction|WebSite,
/norge/haverejse-til-stavanger,trip,4,BreadcrumbList|Organization|Product|WebSite,AggregateOffer|BreadcrumbList|ListItem|Organization|Product|SearchAction|WebSite,
/portugal/essensen-af-madeira,trip,4,BreadcrumbList|Organization|Product|WebSite,AggregateOffer|BreadcrumbList|ListItem|Organization|Product|SearchAction|WebSite,
/jordan/vandreferie-i-jordan,trip,5,BreadcrumbList|FAQPage|Organization|Product|WebSite,AggregateOffer|Answer|BreadcrumbList|FAQPage|ListItem|Offer|Organization|Product|Question|SearchAction|WebSite,
/portugal/mageloese_madeira_med_blomsterfestivalen,trip,4,BreadcrumbList|Organization|Product|WebSite,AggregateOffer|BreadcrumbList|ListItem|Organization|Product|SearchAction|WebSite,
/italien/napoli-og-amalfikysten-storbyens-puls-og-kystens-hoejdepunkter,trip,4,BreadcrumbList|Organization|Product|WebSite,AggregateOffer|BreadcrumbList|ListItem|Organization|Product|SearchAction|WebSite,
/balkan/betagende-nord-balkan,trip,4,BreadcrumbList|Organization|Product|WebSite,AggregateOffer|BreadcrumbList|ListItem|Organization|Product|SearchAction|WebSite,
/graekenland/nordgraekenland-mellem-himmel-og-hav,trip,4,BreadcrumbList|Organization|Product|WebSite,AggregateOffer|BreadcrumbList|ListItem|Offer|Organization|Product|SearchAction|WebSite,
/portugal/vandreferie-paa-madeira,trip,5,BreadcrumbList|FAQPage|Organization|Product|WebSite,AggregateOffer|Answer|BreadcrumbList|FAQPage|ListItem|Offer|Organization|Product|Question|SearchAction|WebSite,
/portugal/vandreferie-paa-algarvekysten,trip,5,BreadcrumbList|FAQPage|Organization|Product|WebSite,AggregateOffer|Answer|BreadcrumbList|FAQPage|ListItem|Offer|Organization|Product|Question|SearchAction|WebSite,
/faeroeerne/fabelagtige-faeroerne,trip,5,BreadcrumbList|FAQPage|Organization|Product|WebSite,AggregateOffer|Answer|BreadcrumbList|FAQPage|ListItem|Offer|Organization|Product|Question|SearchAction|WebSite,
/italien/cilento-det-hemmelige-syditalienske-paradis,trip,4,BreadcrumbList|Organization|Product|WebSite,AggregateOffer|BreadcrumbList|ListItem|Offer|Organization|Product|SearchAction|WebSite,
/italien/vidunderlige-amalfi,trip,4,BreadcrumbList|Organization|Product|WebSite,AggregateOffer|BreadcrumbList|ListItem|Offer|Organization|Product|SearchAction|WebSite,
/italien/kulinariske-vandringer-paa-amalfikysten,trip,5,BreadcrumbList|FAQPage|Organization|Product|WebSite,AggregateOffer|Answer|BreadcrumbList|FAQPage|ListItem|Offer|Organization|Product|Question|SearchAction|WebSite,
/england/vandreferie-i-lake-district,trip,5,BreadcrumbList|FAQPage|Organization|Product|WebSite,AggregateOffer|Answer|BreadcrumbList|FAQPage|ListItem|Offer|Organization|Product|Question|SearchAction|WebSite,
/flodkrydstogter/flodkrydstogt-paa-douro-floden,trip,5,BreadcrumbList|FAQPage|Organization|Product|WebSite,AggregateOffer|Answer|BreadcrumbList|FAQPage|ListItem|Organization|Product|Question|SearchAction|WebSite,
/italien/et-syditaliensk-eventyr,trip,4,BreadcrumbList|Organization|Product|WebSite,AggregateOffer|BreadcrumbList|ListItem|Offer|Organization|Product|SearchAction|WebSite,
/italien/opera-verona,trip,4,BreadcrumbList|Organization|Product|WebSite,AggregateOffer|BreadcrumbList|ListItem|Offer|Organization|Product|SearchAction|WebSite,
/italien/vidunderlige-norditalien,trip,4,BreadcrumbList|Organization|Product|WebSite,AggregateOffer|BreadcrumbList|ListItem|Offer|Organization|Product|SearchAction|WebSite,
/schweiz/toppen-af-alperne-med-gletsjer-ekspressen,trip,4,BreadcrumbList|Organization|Product|WebSite,AggregateOffer|BreadcrumbList|ListItem|Offer|Organization|Product|SearchAction|WebSite,
/marokko/marokko-blandt-berbere-og-beduiner,trip,5,BreadcrumbList|FAQPage|Organization|Product|WebSite,AggregateOffer|Answer|BreadcrumbList|FAQPage|ListItem|Offer|Organization|Product|Question|SearchAction|WebSite,
/italien/vesuvs-arkaeologiske-skygge,trip,4,BreadcrumbList|Organization|Product|WebSite,AggregateOffer|BreadcrumbList|ListItem|Offer|Organization|Product|SearchAction|WebSite,
/italien/puccini-operarejse-til-toscana,trip,4,BreadcrumbList|Organization|Product|WebSite,AggregateOffer|BreadcrumbList|ListItem|Offer|Organization|Product|SearchAction|WebSite,
/italien/vidunderlige-toscana,trip,4,BreadcrumbList|Organization|Product|WebSite,AggregateOffer|BreadcrumbList|ListItem|Offer|Organization|Product|SearchAction|WebSite,
/italien/gardasoeens-herligheder,trip,4,BreadcrumbList|Organization|Product|WebSite,AggregateOffer|BreadcrumbList|ListItem|Offer|Organization|Product|SearchAction|WebSite,
/portugal/nytaarsrejse-til-madeira,trip,5,BreadcrumbList|FAQPage|Organization|Product|WebSite,AggregateOffer|Answer|BreadcrumbList|FAQPage|ListItem|Offer|Organization|Product|Question|SearchAction|WebSite,
/graekenland/unik-rundrejse-paa-peloponnes,trip,4,BreadcrumbList|Organization|Product|WebSite,AggregateOffer|BreadcrumbList|ListItem|Offer|Organization|Product|SearchAction|WebSite,
/oman/oman-det-fortryllende-oerkenland,trip,5,BreadcrumbList|FAQPage|Organization|Product|WebSite,AggregateOffer|Answer|BreadcrumbList|FAQPage|ListItem|Offer|Organization|Product|Question|SearchAction|WebSite,
/irland/fortryllende-irland,trip,5,BreadcrumbList|FAQPage|Organization|Product|WebSite,AggregateOffer|Answer|BreadcrumbList|FAQPage|ListItem|Offer|Organization|Product|Question|SearchAction|WebSite,
/cypern/cypern-afrodites-smukke-oe,trip,4,BreadcrumbList|Organization|Product|WebSite,AggregateOffer|BreadcrumbList|ListItem|Offer|Organization|Product|SearchAction|WebSite,
/italien/klassiske-sicilien,trip,4,BreadcrumbList|Organization|Product|WebSite,AggregateOffer|BreadcrumbList|ListItem|Offer|Organization|Product|SearchAction|WebSite,
/portugal/paa-opdagelse-i-portugal,trip,4,BreadcrumbList|Organization|Product|WebSite,AggregateOffer|BreadcrumbList|ListItem|Offer|Organization|Product|SearchAction|WebSite,
/portugal/porto-og-douro-dalens-herligheder,trip,4,BreadcrumbList|Organization|Product|WebSite,AggregateOffer|BreadcrumbList|ListItem|Offer|Organization|Product|SearchAction|WebSite,
/portugal/cascais-portugals-riviera,trip,4,BreadcrumbList|Organization|Product|WebSite,AggregateOffer|BreadcrumbList|ListItem|Offer|Organization|Product|SearchAction|WebSite,
/italien/vin-og-gastronomi-i-piemonte,trip,4,BreadcrumbList|Organization|Product|WebSite,AggregateOffer|BreadcrumbList|ListItem|Offer|Organization|Product|SearchAction|WebSite,
/skotland/vandreferie-i-skotland,trip,5,BreadcrumbList|FAQPage|Organization|Product|WebSite,AggregateOffer|Answer|BreadcrumbList|FAQPage|ListItem|Offer|Organization|Product|Question|SearchAction|WebSite,
/frankrig/sydfranske-eventyr-i-provence,trip,4,BreadcrumbList|Organization|Product|WebSite,AggregateOffer|BreadcrumbList|ListItem|Offer|Organization|Product|SearchAction|WebSite,
/flodkrydstogter/flodkrydstogt-paa-rhinen,trip,5,BreadcrumbList|FAQPage|Organization|Product|WebSite,AggregateOffer|Answer|BreadcrumbList|FAQPage|ListItem|Organization|Product|Question|SearchAction|WebSite,
/flodkrydstogter/flodkrydstogt-paa-seinen,trip,5,BreadcrumbList|FAQPage|Organization|Product|WebSite,AggregateOffer|Answer|BreadcrumbList|FAQPage|ListItem|Offer|Organization|Product|Question|SearchAction|WebSite,
/italien/nytaar-i-det-historiske-rom,trip,5,BreadcrumbList|FAQPage|Organization|Product|WebSite,AggregateOffer|Answer|BreadcrumbList|FAQPage|ListItem|Offer|Organization|Product|Question|SearchAction|WebSite,
/albanien/autentiske-albanien,trip,4,BreadcrumbList|Organization|Product|WebSite,AggregateOffer|BreadcrumbList|ListItem|Offer|Organization|Product|SearchAction|WebSite,
/portugal/mageloese-madeira,trip,5,BreadcrumbList|FAQPage|Organization|Product|WebSite,AggregateOffer|Answer|BreadcrumbList|FAQPage|ListItem|Offer|Organization|Product|Question|SearchAction|WebSite,
/spanien/andalusiens-herligheder,trip,4,BreadcrumbList|Organization|Product|WebSite,AggregateOffer|BreadcrumbList|ListItem|Offer|Organization|Product|SearchAction|WebSite,
/sri-lanka/klassiske-sri-lanka,trip,5,BreadcrumbList|FAQPage|Organization|Product|WebSite,AggregateOffer|Answer|BreadcrumbList|FAQPage|ListItem|Offer|Organization|Product|Question|SearchAction|WebSite,
/england/sydenglands-stolthed-og-charme-fra-stonehenge-og-shakespeare-til-downton-abbey,trip,5,BreadcrumbList|FAQPage|Organization|Product|WebSite,AggregateOffer|Answer|BreadcrumbList|FAQPage|ListItem|Organization|Product|Question|SearchAction|WebSite,
/jordan/jordan-et-magisk-kongerige,trip,5,BreadcrumbList|FAQPage|Organization|Product|WebSite,AggregateOffer|Answer|BreadcrumbList|FAQPage|ListItem|Offer|Organization|Product|Question|SearchAction|WebSite,
/spanien/det-gode-liv-langtidsferie-i-andalusien,trip,4,BreadcrumbList|Organization|Product|WebSite,AggregateOffer|BreadcrumbList|ListItem|Offer|Organization|Product|SearchAction|WebSite,
/skotland/sagnomspundne-skotland,trip,5,BreadcrumbList|FAQPage|Organization|Product|WebSite,AggregateOffer|Answer|BreadcrumbList|FAQPage|ListItem|Offer|Organization|Product|Question|SearchAction|WebSite,
/italien/vandreferie-ved-gardasoeen,trip,4,BreadcrumbList|Organization|Product|WebSite,AggregateOffer|BreadcrumbList|ListItem|Offer|Organization|Product|SearchAction|WebSite,
/marokko/magiske-marrakech-og-essaouira,trip,5,BreadcrumbList|FAQPage|Organization|Product|WebSite,AggregateOffer|Answer|BreadcrumbList|FAQPage|ListItem|Offer|Organization|Product|Question|SearchAction|WebSite,
/sydkorea/essensen-af-sydkorea,trip,5,BreadcrumbList|FAQPage|Organization|Product|WebSite,AggregateOffer|Answer|BreadcrumbList|FAQPage|ListItem|Offer|Organization|Product|Question|SearchAction|WebSite,
/graekenland/oe-hop-i-graekenland,trip,4,BreadcrumbList|Organization|Product|WebSite,AggregateOffer|BreadcrumbList|ListItem|Offer|Organization|Product|SearchAction|WebSite,
/england/haverejse-i-england-med-chelsea-flower-show,trip,5,BreadcrumbList|FAQPage|Organization|Product|WebSite,AggregateOffer|Answer|BreadcrumbList|FAQPage|ListItem|Offer|Organization|Product|Question|SearchAction|WebSite,
/portugal/vidunderlige-madeira,trip,4,BreadcrumbList|Organization|Product|WebSite,AggregateOffer|BreadcrumbList|ListItem|Organization|Product|SearchAction|WebSite,
/portugal/idylliske-tavira,trip,4,BreadcrumbList|Organization|Product|WebSite,AggregateOffer|BreadcrumbList|ListItem|Offer|Organization|Product|SearchAction|WebSite,
/portugal/vandreferie-i-portugal,trip,5,BreadcrumbList|FAQPage|Organization|Product|WebSite,AggregateOffer|Answer|BreadcrumbList|FAQPage|ListItem|Offer|Organization|Product|Question|SearchAction|WebSite,
/irland/vandreferie-i-irland,trip,5,BreadcrumbList|FAQPage|Organization|Product|WebSite,AggregateOffer|Answer|BreadcrumbList|FAQPage|ListItem|Organization|Product|Question|SearchAction|WebSite,
/indien/sydindiens-guddommelige-hjerte-kerala,trip,5,BreadcrumbList|FAQPage|Organization|Product|WebSite,AggregateOffer|Answer|BreadcrumbList|FAQPage|ListItem|Offer|Organization|Product|Question|SearchAction|WebSite,
/flodkrydstogter/flodkrydstogt-fra-alsace-til-toppen-af-de-schweiziske-alper,trip,4,BreadcrumbList|Organization|Product|WebSite,AggregateOffer|BreadcrumbList|ListItem|Organization|Product|SearchAction|WebSite,
/italien/sommer-paa-amalfikysten,trip,4,BreadcrumbList|Organization|Product|WebSite,AggregateOffer|BreadcrumbList|ListItem|Organization|Product|SearchAction|WebSite,
/spanien/tenerife-det-evige-foraars-oe,trip,4,BreadcrumbList|Organization|Product|WebSite,AggregateOffer|BreadcrumbList|ListItem|Organization|Product|SearchAction|WebSite,
/kroatien/kroatiens-smukke-kyst,trip,4,BreadcrumbList|Organization|Product|WebSite,AggregateOffer|BreadcrumbList|ListItem|Organization|Product|SearchAction|WebSite,
/italien/vandreferie-i-cinque-terre,trip,4,BreadcrumbList|Organization|Product|WebSite,AggregateOffer|BreadcrumbList|ListItem|Offer|Organization|Product|SearchAction|WebSite,
/portugal/praegtige-portugal,trip,4,BreadcrumbList|Organization|Product|WebSite,AggregateOffer|BreadcrumbList|ListItem|Organization|Product|SearchAction|WebSite,
/polen/kulturel-kvalitetstid-i-krakow,trip,4,BreadcrumbList|Organization|Product|WebSite,AggregateOffer|BreadcrumbList|ListItem|Organization|Product|SearchAction|WebSite,
/portugal/nytaar-paa-algarvekysten,trip,4,BreadcrumbList|Organization|Product|WebSite,AggregateOffer|BreadcrumbList|ListItem|Organization|Product|SearchAction|WebSite,
/spanien/andalusien-til-saerpris,trip,4,BreadcrumbList|Organization|Product|WebSite,AggregateOffer|BreadcrumbList|ListItem|Organization|Product|SearchAction|WebSite,
/spanien/vandreferie-paa-caminoen,trip,4,BreadcrumbList|Organization|Product|WebSite,AggregateOffer|BreadcrumbList|ListItem|Offer|Organization|Product|SearchAction|WebSite,
/spanien/maleriske-mallorca,trip,4,BreadcrumbList|Organization|Product|WebSite,AggregateOffer|BreadcrumbList|ListItem|Organization|Product|SearchAction|WebSite,
/irland/musikfestival-i-dublin,trip,5,BreadcrumbList|FAQPage|Organization|Product|WebSite,AggregateOffer|Answer|BreadcrumbList|FAQPage|ListItem|Offer|Organization|Product|Question|SearchAction|WebSite,
/portugal/azorerne-den-groenne-oe-sao-miguel,trip,4,BreadcrumbList|Organization|Product|WebSite,AggregateOffer|BreadcrumbList|ListItem|Organization|Product|SearchAction|WebSite,
/slovenien/ljubljana-og-de-slovenske-perler,trip,4,BreadcrumbList|Organization|Product|WebSite,AggregateOffer|BreadcrumbList|ListItem|Organization|Product|SearchAction|WebSite,
/italien/charmerende-cinque-terre,trip,4,BreadcrumbList|Organization|Product|WebSite,AggregateOffer|BreadcrumbList|ListItem|Offer|Organization|Product|SearchAction|WebSite,
/spanien/madrid-spaniens-hjerte,trip,4,BreadcrumbList|Organization|Product|WebSite,AggregateOffer|BreadcrumbList|ListItem|Offer|Organization|Product|SearchAction|WebSite,
/italien/rom-den-evige-stad,trip,4,BreadcrumbList|Organization|Product|WebSite,AggregateOffer|BreadcrumbList|ListItem|Offer|Organization|Product|SearchAction|WebSite,
/graekenland/vandreferie-i-graekenland,trip,5,BreadcrumbList|FAQPage|Organization|Product|WebSite,AggregateOffer|Answer|BreadcrumbList|FAQPage|ListItem|Offer|Organization|Product|Question|SearchAction|WebSite,
/italien/andrea-bocelli-i-toscana,trip,4,BreadcrumbList|Organization|Product|WebSite,AggregateOffer|BreadcrumbList|ListItem|Organization|Product|SearchAction|WebSite,
/graekenland/smagen-af-kreta,trip,4,BreadcrumbList|Organization|Product|WebSite,AggregateOffer|BreadcrumbList|ListItem|Offer|Organization|Product|SearchAction|WebSite,
/tyrkiet/maegtige-istanbul,trip,4,BreadcrumbList|Organization|Product|WebSite,AggregateOffer|BreadcrumbList|ListItem|Offer|Organization|Product|SearchAction|WebSite,
/indien/rajasthan-indiens-juvel,trip,5,BreadcrumbList|FAQPage|Organization|Product|WebSite,AggregateOffer|Answer|BreadcrumbList|FAQPage|ListItem|Offer|Organization|Product|Question|SearchAction|WebSite,
/spanien/fra-bilbao-til-toulouse,trip,4,BreadcrumbList|Organization|Product|WebSite,AggregateOffer|BreadcrumbList|ListItem|Organization|Product|SearchAction|WebSite,
/jul-og-nytaar/nytaars-rejser,editorial-thin,5,BreadcrumbList|Collection|ItemList|Organization|WebSite,BreadcrumbList|Collection|ItemList|ListItem|Organization|Product|SearchAction|TouristDestination|WebSite,
/marokko/rabat,editorial-city,5,BreadcrumbList|Collection|ItemList|Organization|WebSite,BreadcrumbList|Collection|ItemList|ListItem|Organization|Product|SearchAction|TouristDestination|WebSite,
/naturrejser/solfoermoerkelsesrejser,editorial-thin,5,BreadcrumbList|Collection|ItemList|Organization|WebSite,BreadcrumbList|Collection|ItemList|ListItem|Organization|Product|SearchAction|TouristDestination|WebSite,
/polen/krakow,editorial-city,5,BreadcrumbList|Collection|ItemList|Organization|WebSite,BreadcrumbList|Collection|ItemList|ListItem|Organization|Product|SearchAction|TouristDestination|WebSite,
/spanien/madrid,editorial-city,5,BreadcrumbList|Collection|ItemList|Organization|WebSite,BreadcrumbList|Collection|ItemList|ListItem|Organization|Product|SearchAction|TouristDestination|WebSite,
/naturrejser/haverejser,editorial-city,5,BreadcrumbList|Collection|ItemList|Organization|WebSite,BreadcrumbList|Collection|ItemList|ListItem|Organization|Product|SearchAction|TouristDestination|WebSite,
/musik-og-underholdning/koncert-rejser,editorial-thin,5,BreadcrumbList|Collection|ItemList|Organization|WebSite,BreadcrumbList|Collection|ItemList|ListItem|Organization|Product|SearchAction|TouristDestination|WebSite,
/portugal/algarve,editorial-city,5,BreadcrumbList|Collection|ItemList|Organization|WebSite,BreadcrumbList|Collection|ItemList|ListItem|Organization|Product|SearchAction|TouristDestination|WebSite,
/portugal/tavira,editorial-city,5,BreadcrumbList|Collection|ItemList|Organization|WebSite,BreadcrumbList|Collection|ItemList|ListItem|Organization|Product|SearchAction|TouristDestination|WebSite,
/marokko/marrakech,editorial-city,5,BreadcrumbList|Collection|ItemList|Organization|WebSite,BreadcrumbList|Collection|ItemList|ListItem|Organization|Product|SearchAction|TouristDestination|WebSite,
/marokko/tanger,editorial-city,5,BreadcrumbList|Collection|ItemList|Organization|WebSite,BreadcrumbList|Collection|ItemList|ListItem|Organization|Product|SearchAction|TouristDestination|WebSite,
/oestrig/salzburg,editorial-city,5,BreadcrumbList|Collection|ItemList|Organization|WebSite,BreadcrumbList|Collection|ItemList|ListItem|Organization|Product|SearchAction|TouristDestination|WebSite,
/portugal/porto,editorial-city,5,BreadcrumbList|Collection|ItemList|Organization|WebSite,BreadcrumbList|Collection|ItemList|ListItem|Organization|Product|SearchAction|TouristDestination|WebSite,
/spanien/granada,editorial-city,5,BreadcrumbList|Collection|ItemList|Organization|WebSite,BreadcrumbList|Collection|ItemList|ListItem|Organization|Product|SearchAction|TouristDestination|WebSite,
/portugal/azorerne,editorial-city,5,BreadcrumbList|Collection|ItemList|Organization|WebSite,BreadcrumbList|Collection|ItemList|ListItem|Organization|Product|SearchAction|TouristDestination|WebSite,
/oestrig/wien,editorial-city,5,BreadcrumbList|Collection|ItemList|Organization|WebSite,BreadcrumbList|Collection|ItemList|ListItem|Organization|Product|SearchAction|TouristDestination|WebSite,
/italien/milano,editorial-city,4,BreadcrumbList|Collection|Organization|WebSite,BreadcrumbList|Collection|ListItem|Organization|SearchAction|TouristDestination|WebSite,
/tjekkiet/prag,editorial-city,5,BreadcrumbList|Collection|ItemList|Organization|WebSite,BreadcrumbList|Collection|ItemList|ListItem|Organization|Product|SearchAction|TouristDestination|WebSite,
/oestrig/tyrol,editorial-city,5,BreadcrumbList|Collection|ItemList|Organization|WebSite,BreadcrumbList|Collection|ItemList|ListItem|Organization|Product|SearchAction|TouristDestination|WebSite,
/kina/beijing,editorial-city,5,BreadcrumbList|Collection|ItemList|Organization|WebSite,BreadcrumbList|Collection|ItemList|ListItem|Organization|Product|SearchAction|TouristDestination|WebSite,
/serbien/beograd,editorial-city,5,BreadcrumbList|Collection|ItemList|Organization|WebSite,BreadcrumbList|Collection|ItemList|ListItem|Organization|Product|SearchAction|TouristDestination|WebSite,
/portugal/cascais,editorial-city,5,BreadcrumbList|Collection|ItemList|Organization|WebSite,BreadcrumbList|Collection|ItemList|ListItem|Organization|Product|SearchAction|TouristDestination|WebSite,
/skotland/edinburgh,editorial-city,5,BreadcrumbList|Collection|ItemList|Organization|WebSite,BreadcrumbList|Collection|ItemList|ListItem|Organization|Product|SearchAction|TouristDestination|WebSite,
/oestrig/innsbruck,editorial-city,5,BreadcrumbList|Collection|ItemList|Organization|WebSite,BreadcrumbList|Collection|ItemList|ListItem|Organization|Product|SearchAction|TouristDestination|WebSite,
/spanien/bilbao,editorial-city,5,BreadcrumbList|Collection|ItemList|Organization|WebSite,BreadcrumbList|Collection|ItemList|ListItem|Organization|Product|SearchAction|TouristDestination|WebSite,
/england/chester,editorial-city,4,BreadcrumbList|Collection|Organization|WebSite,BreadcrumbList|Collection|ListItem|Organization|SearchAction|TouristDestination|WebSite,
/england/liverpool,editorial-city,4,BreadcrumbList|Collection|Organization|WebSite,BreadcrumbList|Collection|ListItem|Organization|SearchAction|TouristDestination|WebSite,
/portugal/lissabon,editorial-city,5,BreadcrumbList|Collection|ItemList|Organization|WebSite,BreadcrumbList|Collection|ItemList|ListItem|Organization|Product|SearchAction|TouristDestination|WebSite,
/spanien/andalusien,editorial-city,5,BreadcrumbList|Collection|ItemList|Organization|WebSite,BreadcrumbList|Collection|ItemList|ListItem|Organization|Product|SearchAction|TouristDestination|WebSite,
/spanien/caminoen,editorial-city,5,BreadcrumbList|Collection|ItemList|Organization|WebSite,BreadcrumbList|Collection|ItemList|ListItem|Organization|Product|SearchAction|TouristDestination|WebSite,
/spanien/barcelona,editorial-city,4,BreadcrumbList|Collection|Organization|WebSite,BreadcrumbList|Collection|ListItem|Organization|SearchAction|TouristDestination|WebSite,
/spanien/granada/alhambra,editorial-thin,5,BreadcrumbList|Collection|ItemList|Organization|WebSite,BreadcrumbList|Collection|ItemList|ListItem|Organization|Product|SearchAction|TouristDestination|WebSite,
/bosnien/sarajevo,editorial-city,5,BreadcrumbList|Collection|ItemList|Organization|WebSite,BreadcrumbList|Collection|ItemList|ListItem|Organization|Product|SearchAction|TouristDestination|WebSite,
/litauen/vilnius,editorial-city,5,BreadcrumbList|Collection|ItemList|Organization|WebSite,BreadcrumbList|Collection|ItemList|ListItem|Organization|Product|SearchAction|TouristDestination|WebSite,
/letland/riga,editorial-city,5,BreadcrumbList|Collection|ItemList|Organization|WebSite,BreadcrumbList|Collection|ItemList|ListItem|Organization|Product|SearchAction|TouristDestination|WebSite,
/portugal/madeira,editorial-city,5,BreadcrumbList|Collection|ItemList|Organization|WebSite,BreadcrumbList|Collection|ItemList|ListItem|Organization|Product|SearchAction|TouristDestination|WebSite,
/naturrejser/blomsterrejser,editorial-city,5,BreadcrumbList|Collection|ItemList|Organization|WebSite,BreadcrumbList|Collection|ItemList|ListItem|Organization|Product|SearchAction|TouristDestination|WebSite,
/england/bath,editorial-city,5,BreadcrumbList|Collection|ItemList|Organization|WebSite,BreadcrumbList|Collection|ItemList|ListItem|Organization|Product|SearchAction|TouristDestination|WebSite,
/england/cornwall,editorial-city,4,BreadcrumbList|Collection|Organization|WebSite,BreadcrumbList|Collection|ListItem|Organization|SearchAction|TouristDestination|WebSite,
/portugal/portugal-langtidsferie,editorial-thin,4,BreadcrumbList|Collection|Organization|WebSite,BreadcrumbList|Collection|ListItem|Organization|SearchAction|TouristDestination|WebSite,
/kroatien/trogir,editorial-city,5,BreadcrumbList|Collection|ItemList|Organization|WebSite,BreadcrumbList|Collection|ItemList|ListItem|Organization|Product|SearchAction|TouristDestination|WebSite,
/italien/ischia,editorial-city,4,BreadcrumbList|Collection|Organization|WebSite,BreadcrumbList|Collection|ListItem|Organization|SearchAction|TouristDestination|WebSite,
/tyrkiet/istanbul,editorial-city,5,BreadcrumbList|Collection|ItemList|Organization|WebSite,BreadcrumbList|Collection|ItemList|ListItem|Organization|Product|SearchAction|TouristDestination|WebSite,
/italien/rom,editorial-city,5,BreadcrumbList|Collection|ItemList|Organization|WebSite,BreadcrumbList|Collection|ItemList|ListItem|Organization|Product|SearchAction|TouristDestination|WebSite,
/graekenland/athen,editorial-city,5,BreadcrumbList|Collection|ItemList|Organization|WebSite,BreadcrumbList|Collection|ItemList|ListItem|Organization|Product|SearchAction|TouristDestination|WebSite,
/graekenland/peloponnes,editorial-city,5,BreadcrumbList|Collection|ItemList|Organization|WebSite,BreadcrumbList|Collection|ItemList|ListItem|Organization|Product|SearchAction|TouristDestination|WebSite,
/italien/napoli,editorial-city,5,BreadcrumbList|Collection|ItemList|Organization|WebSite,BreadcrumbList|Collection|ItemList|ListItem|Organization|Product|SearchAction|TouristDestination|WebSite,
/italien/syditalien,editorial-city,5,BreadcrumbList|Collection|ItemList|Organization|WebSite,BreadcrumbList|Collection|ItemList|ListItem|Organization|Product|SearchAction|TouristDestination|WebSite,
/italien/gardasoeen,editorial-city,5,BreadcrumbList|Collection|ItemList|Organization|WebSite,BreadcrumbList|Collection|ItemList|ListItem|Organization|Product|SearchAction|TouristDestination|WebSite,
/italien/norditalien,editorial-city,5,BreadcrumbList|Collection|ItemList|Organization|WebSite,BreadcrumbList|Collection|ItemList|ListItem|Organization|Product|SearchAction|TouristDestination|WebSite,
/italien/verona,editorial-city,5,BreadcrumbList|Collection|ItemList|Organization|WebSite,BreadcrumbList|Collection|ItemList|ListItem|Organization|Product|SearchAction|TouristDestination|WebSite,
/italien/venedig,editorial-city,5,BreadcrumbList|Collection|ItemList|Organization|WebSite,BreadcrumbList|Collection|ItemList|ListItem|Organization|Product|SearchAction|TouristDestination|WebSite,
/italien/sicilien,editorial-city,5,BreadcrumbList|Collection|ItemList|Organization|WebSite,BreadcrumbList|Collection|ItemList|ListItem|Organization|Product|SearchAction|TouristDestination|WebSite,
/italien/ravello,editorial-city,5,BreadcrumbList|Collection|ItemList|Organization|WebSite,BreadcrumbList|Collection|ItemList|ListItem|Organization|Product|SearchAction|TouristDestination|WebSite,
/frankrig/normandiet,editorial-city,5,BreadcrumbList|Collection|ItemList|Organization|WebSite,BreadcrumbList|Collection|ItemList|ListItem|Organization|Product|SearchAction|TouristDestination|WebSite,
/frankrig/provence,editorial-city,5,BreadcrumbList|Collection|ItemList|Organization|WebSite,BreadcrumbList|Collection|ItemList|ListItem|Organization|Product|SearchAction|TouristDestination|WebSite,
/frankrig/saint-tropez,editorial-city,5,BreadcrumbList|Collection|ItemList|Organization|WebSite,BreadcrumbList|Collection|ItemList|ListItem|Organization|Product|SearchAction|TouristDestination|WebSite,
/frankrig/seinen,editorial-city,5,BreadcrumbList|Collection|ItemList|Organization|WebSite,BreadcrumbList|Collection|ItemList|ListItem|Organization|Product|SearchAction|TouristDestination|WebSite,
/italien/sorrento,editorial-city,4,BreadcrumbList|Collection|Organization|WebSite,BreadcrumbList|Collection|ListItem|Organization|SearchAction|TouristDestination|WebSite,
/frankrig/strasbourg,editorial-city,5,BreadcrumbList|Collection|ItemList|Organization|WebSite,BreadcrumbList|Collection|ItemList|ListItem|Organization|Product|SearchAction|TouristDestination|WebSite,
/italien/stresa,editorial-city,5,BreadcrumbList|Collection|ItemList|Organization|WebSite,BreadcrumbList|Collection|ItemList|ListItem|Organization|Product|SearchAction|TouristDestination|WebSite,
/italien/toscana,editorial-city,5,BreadcrumbList|Collection|ItemList|Organization|WebSite,BreadcrumbList|Collection|ItemList|ListItem|Organization|Product|SearchAction|TouristDestination|WebSite,
/italien/umbrien,editorial-city,4,BreadcrumbList|Collection|Organization|WebSite,BreadcrumbList|Collection|ListItem|Organization|SearchAction|TouristDestination|WebSite,
/irland/kilkenny,editorial-city,5,BreadcrumbList|Collection|ItemList|Organization|WebSite,BreadcrumbList|Collection|ItemList|ListItem|Organization|Product|SearchAction|TouristDestination|WebSite,
/italien/lago-maggiore,editorial-city,5,BreadcrumbList|Collection|ItemList|Organization|WebSite,BreadcrumbList|Collection|ItemList|ListItem|Organization|Product|SearchAction|TouristDestination|WebSite,
/italien/pompeji,editorial-city,5,BreadcrumbList|Collection|ItemList|Organization|WebSite,BreadcrumbList|Collection|ItemList|ListItem|Organization|Product|SearchAction|TouristDestination|WebSite,
/italien/piemonte,editorial-city,5,BreadcrumbList|Collection|ItemList|Organization|WebSite,BreadcrumbList|Collection|ItemList|ListItem|Organization|Product|SearchAction|TouristDestination|WebSite,
/italien/amalfikysten,editorial-city,5,BreadcrumbList|Collection|ItemList|Organization|WebSite,BreadcrumbList|Collection|ItemList|ListItem|Organization|Product|SearchAction|TouristDestination|WebSite,
/italien/apulien,editorial-city,5,BreadcrumbList|Collection|ItemList|Organization|WebSite,BreadcrumbList|Collection|ItemList|ListItem|Organization|Product|SearchAction|TouristDestination|WebSite,
/belgien/bruxelles,editorial-city,4,BreadcrumbList|Collection|Organization|WebSite,BreadcrumbList|Collection|ListItem|Organization|SearchAction|TouristDestination|WebSite,
/sverige/gotland,editorial-city,5,BreadcrumbList|Collection|ItemList|Organization|WebSite,BreadcrumbList|Collection|ItemList|ListItem|Organization|Product|SearchAction|TouristDestination|WebSite,
/faeroeerne/torshavn,editorial-city,5,BreadcrumbList|Collection|ItemList|Organization|WebSite,BreadcrumbList|Collection|ItemList|ListItem|Organization|Product|SearchAction|TouristDestination|WebSite,
/irland/dublin,editorial-city,5,BreadcrumbList|Collection|ItemList|Organization|WebSite,BreadcrumbList|Collection|ItemList|ListItem|Organization|Product|SearchAction|TouristDestination|WebSite,
/tyskland/munchen,editorial-city,5,BreadcrumbList|Collection|ItemList|Organization|WebSite,BreadcrumbList|Collection|ItemList|ListItem|Organization|Product|SearchAction|TouristDestination|WebSite,
/italien/genova,editorial-city,5,BreadcrumbList|Collection|ItemList|Organization|WebSite,BreadcrumbList|Collection|ItemList|ListItem|Organization|Product|SearchAction|TouristDestination|WebSite,
/kroatien/dubrovnik,editorial-city,5,BreadcrumbList|Collection|ItemList|Organization|WebSite,BreadcrumbList|Collection|ItemList|ListItem|Organization|Product|SearchAction|TouristDestination|WebSite,
/italien/firenze,editorial-city,5,BreadcrumbList|Collection|ItemList|Organization|WebSite,BreadcrumbList|Collection|ItemList|ListItem|Organization|Product|SearchAction|TouristDestination|WebSite,
/italien/cinque-terre,editorial-city,5,BreadcrumbList|Collection|ItemList|Organization|WebSite,BreadcrumbList|Collection|ItemList|ListItem|Organization|Product|SearchAction|TouristDestination|WebSite,
/frankrig/paris,editorial-city,5,BreadcrumbList|Collection|ItemList|Organization|WebSite,BreadcrumbList|Collection|ItemList|ListItem|Organization|Product|SearchAction|TouristDestination|WebSite,
/bosnien/mostar,editorial-city,5,BreadcrumbList|Collection|ItemList|Organization|WebSite,BreadcrumbList|Collection|ItemList|ListItem|Organization|Product|SearchAction|TouristDestination|WebSite,
/england/london,editorial-city,5,BreadcrumbList|Collection|ItemList|Organization|WebSite,BreadcrumbList|Collection|ItemList|ListItem|Organization|Product|SearchAction|TouristDestination|WebSite,
/estland/tallinn,editorial-city,5,BreadcrumbList|Collection|ItemList|Organization|WebSite,BreadcrumbList|Collection|ItemList|ListItem|Organization|Product|SearchAction|TouristDestination|WebSite,
/holland/amsterdam,editorial-city,5,BreadcrumbList|Collection|ItemList|Organization|WebSite,BreadcrumbList|Collection|ItemList|ListItem|Organization|Product|SearchAction|TouristDestination|WebSite,
/tyskland/koln,editorial-city,5,BreadcrumbList|Collection|ItemList|Organization|WebSite,BreadcrumbList|Collection|ItemList|ListItem|Organization|Product|SearchAction|TouristDestination|WebSite,
/england/sydengland,editorial-city,5,BreadcrumbList|Collection|ItemList|Organization|WebSite,BreadcrumbList|Collection|ItemList|ListItem|Organization|Product|SearchAction|TouristDestination|WebSite,
/kroatien/split,editorial-city,4,BreadcrumbList|Collection|Organization|WebSite,BreadcrumbList|Collection|ListItem|Organization|SearchAction|TouristDestination|WebSite,
/belgien/antwerpen,editorial-city,4,BreadcrumbList|Collection|Organization|WebSite,BreadcrumbList|Collection|ListItem|Organization|SearchAction|TouristDestination|WebSite,
/graekenland/mykonos,editorial-city,4,BreadcrumbList|Collection|Organization|WebSite,BreadcrumbList|Collection|ListItem|Organization|SearchAction|TouristDestination|WebSite,
/graekenland/santorini,editorial-city,4,BreadcrumbList|Collection|Organization|WebSite,BreadcrumbList|Collection|ListItem|Organization|SearchAction|TouristDestination|WebSite,
/portugal/madeira/madeira-vandreferie,editorial-thin,5,BreadcrumbList|Collection|ItemList|Organization|WebSite,BreadcrumbList|Collection|ItemList|ListItem|Organization|Product|SearchAction|TouristDestination|WebSite,
/england/haverejser-england,editorial-thin,5,BreadcrumbList|Collection|ItemList|Organization|WebSite,BreadcrumbList|Collection|ItemList|ListItem|Organization|Product|SearchAction|TouristDestination|WebSite,
/portugal/madeira/madeira-rundrejser,editorial-thin,5,BreadcrumbList|Collection|ItemList|Organization|WebSite,BreadcrumbList|Collection|ItemList|ListItem|Organization|Product|SearchAction|TouristDestination|WebSite,
/portugal/madeira/madeira-blomsterfestival,editorial-thin,5,BreadcrumbList|Collection|ItemList|Organization|WebSite,BreadcrumbList|Collection|ItemList|ListItem|Organization|Product|SearchAction|TouristDestination|WebSite,
/portugal/portugal-flodkrydstogter,editorial-thin,5,BreadcrumbList|Collection|ItemList|Organization|WebSite,BreadcrumbList|Collection|ItemList|ListItem|Organization|Product|SearchAction|TouristDestination|WebSite,
/schweiz/schweiz-togrejser,editorial-thin,5,BreadcrumbList|Collection|ItemList|Organization|WebSite,BreadcrumbList|Collection|ItemList|ListItem|Organization|Product|SearchAction|TouristDestination|WebSite,
/spanien/mallorca/soller,editorial-city,5,BreadcrumbList|Collection|ItemList|Organization|WebSite,BreadcrumbList|Collection|ItemList|ListItem|Organization|Product|SearchAction|TouristDestination|WebSite,
/spanien/mallorca,editorial-city,5,BreadcrumbList|Collection|ItemList|Organization|WebSite,BreadcrumbList|Collection|ItemList|ListItem|Organization|Product|SearchAction|TouristDestination|WebSite,
/spanien/mallorca/palma,editorial-city,5,BreadcrumbList|Collection|ItemList|Organization|WebSite,BreadcrumbList|Collection|ItemList|ListItem|Organization|Product|SearchAction|TouristDestination|WebSite,
/musik-og-underholdning/koncert-rejser/andrea-bocelli,editorial-thin,5,BreadcrumbList|Collection|ItemList|Organization|WebSite,BreadcrumbList|Collection|ItemList|ListItem|Organization|Product|SearchAction|TouristDestination|WebSite,
/jul-og-nytaar/julerejser,editorial-thin,5,BreadcrumbList|Collection|ItemList|Organization|WebSite,BreadcrumbList|Collection|ItemList|ListItem|Organization|Product|SearchAction|TouristDestination|WebSite,
/musik-og-underholdning/operarejser,editorial-thin,5,BreadcrumbList|Collection|ItemList|Organization|WebSite,BreadcrumbList|Collection|ItemList|ListItem|Organization|Product|SearchAction|TouristDestination|WebSite,
/spanien/tenerife,editorial-city,5,BreadcrumbList|Collection|ItemList|Organization|WebSite,BreadcrumbList|Collection|ItemList|ListItem|Organization|Product|SearchAction|TouristDestination|WebSite,
/spanien/ronda,editorial-city,4,BreadcrumbList|Collection|Organization|WebSite,BreadcrumbList|Collection|ListItem|Organization|SearchAction|TouristDestination|WebSite,
/ungarn/budapest,editorial-city,5,BreadcrumbList|Collection|ItemList|Organization|WebSite,BreadcrumbList|Collection|ItemList|ListItem|Organization|Product|SearchAction|TouristDestination|WebSite,
/england/rundrejser-england,editorial-thin,5,BreadcrumbList|Collection|ItemList|Organization|WebSite,BreadcrumbList|Collection|ItemList|ListItem|Organization|Product|SearchAction|TouristDestination|WebSite,
/frankrig/rouen,editorial-city,5,BreadcrumbList|Collection|ItemList|Organization|WebSite,BreadcrumbList|Collection|ItemList|ListItem|Organization|Product|SearchAction|TouristDestination|WebSite,
/frankrig/cannes,editorial-city,5,BreadcrumbList|Collection|ItemList|Organization|WebSite,BreadcrumbList|Collection|ItemList|ListItem|Organization|Product|SearchAction|TouristDestination|WebSite,
/madrejser/gastronomirejser,editorial-city,5,BreadcrumbList|Collection|ItemList|Organization|WebSite,BreadcrumbList|Collection|ItemList|ListItem|Organization|Product|SearchAction|TouristDestination|WebSite,
/italien/amalfi,editorial-city,5,BreadcrumbList|Collection|ItemList|Organization|WebSite,BreadcrumbList|Collection|ItemList|ListItem|Organization|Product|SearchAction|TouristDestination|WebSite,
/vinrejser/portvinsrejser,editorial-city,5,BreadcrumbList|Collection|ItemList|Organization|WebSite,BreadcrumbList|Collection|ItemList|ListItem|Organization|Product|SearchAction|TouristDestination|WebSite,
/spanien/san-sebastian,editorial-city,5,BreadcrumbList|Collection|ItemList|Organization|WebSite,BreadcrumbList|Collection|ItemList|ListItem|Organization|Product|SearchAction|TouristDestination|WebSite,
/portugal/portugal-rundrejser,editorial-thin,5,BreadcrumbList|Collection|ItemList|Organization|WebSite,BreadcrumbList|Collection|ItemList|ListItem|Organization|Product|SearchAction|TouristDestination|WebSite,
/spanien/malaga,editorial-city,5,BreadcrumbList|Collection|ItemList|Organization|WebSite,BreadcrumbList|Collection|ItemList|ListItem|Organization|Product|SearchAction|TouristDestination|WebSite,
/italien/amalfi/amalfi-kulturrejser,editorial-city,5,BreadcrumbList|Collection|ItemList|Organization|WebSite,BreadcrumbList|Collection|ItemList|ListItem|Organization|Product|SearchAction|TouristDestination|WebSite,
/england/oxford,editorial-city,5,BreadcrumbList|Collection|ItemList|Organization|WebSite,BreadcrumbList|Collection|ItemList|ListItem|Organization|Product|SearchAction|TouristDestination|WebSite,
/italien/apulien/apulien-kulturrejser,editorial-thin,5,BreadcrumbList|Collection|ItemList|Organization|WebSite,BreadcrumbList|Collection|ItemList|ListItem|Organization|Product|SearchAction|TouristDestination|WebSite,
/portugal/portugal-kulturrejser,editorial-city,5,BreadcrumbList|Collection|ItemList|Organization|WebSite,BreadcrumbList|Collection|ItemList|ListItem|Organization|Product|SearchAction|TouristDestination|WebSite,
/portugal/madeira/madeira-langtidsferie,editorial-thin,4,BreadcrumbList|Collection|Organization|WebSite,BreadcrumbList|Collection|ListItem|Organization|SearchAction|TouristDestination|WebSite,
/europa/kulturrejser,editorial-city,5,BreadcrumbList|Collection|ItemList|Organization|WebSite,BreadcrumbList|Collection|ItemList|ListItem|Organization|Product|SearchAction|TouristDestination|WebSite,
