url,path,country,booking_links,empty_departures_rendered,empty_label_present,btn_inquiry_rendered,btn_waitlist_rendered,has_price,price_min,word_count,has_product_schema
https://smilrejser.dk/italien/madlavningskursus-paa-amalfikysten,/italien/madlavningskursus-paa-amalfikysten,italien,0,1,1,0,0,0,,2443,1
https://smilrejser.dk/england/haverejse-i-det-sydoestlige-england,/england/haverejse-i-det-sydoestlige-england,england,1,0,1,0,0,1,12995,3880,1
https://smilrejser.dk/spanien/autentiske-catalonien-og-costa-brava,/spanien/autentiske-catalonien-og-costa-brava,spanien,4,0,1,0,0,1,10495,3034,1
https://smilrejser.dk/oestrig/kultur-i-alperne,/oestrig/kultur-i-alperne,oestrig,0,1,1,0,0,0,,1759,1
https://smilrejser.dk/portugal/jul-paa-madeira,/portugal/jul-paa-madeira,portugal,1,0,1,0,0,1,13995,3708,1
https://smilrejser.dk/frankrig/paris-mon-amour-storbyliv-og-stemning-paa-seinen,/frankrig/paris-mon-amour-storbyliv-og-stemning-paa-seinen,frankrig,1,0,1,0,0,1,7995,1924,1
https://smilrejser.dk/egypten/cairo-og-nilkrydstogt,/egypten/cairo-og-nilkrydstogt,egypten,4,0,1,0,0,1,18999,5489,1
https://smilrejser.dk/italien/amalfikysten-til-foraarspris,/italien/amalfikysten-til-foraarspris,italien,0,1,1,0,0,0,,3832,1
https://smilrejser.dk/vietnam/det-bedste-af-vietnam,/vietnam/det-bedste-af-vietnam,vietnam,1,0,1,0,0,1,24499,3530,1
https://smilrejser.dk/thailand/thailand-smilets-land,/thailand/thailand-smilets-land,thailand,2,0,1,0,0,1,25999,3879,1
https://smilrejser.dk/italien/det-ukendte-norditalien,/italien/det-ukendte-norditalien,italien,0,1,1,0,0,0,,2659,1
https://smilrejser.dk/portugal/nytaar-i-porto,/portugal/nytaar-i-porto,portugal,1,0,1,0,0,1,10995,2842,1
https://smilrejser.dk/italien/kulinariske-vandringer-paa-amalfikysten-september-2026,/italien/kulinariske-vandringer-paa-amalfikysten-september-2026,italien,2,0,1,1,0,1,8995,3989,1
https://smilrejser.dk/sverige/gotland-svensk-sommeridyl,/sverige/gotland-svensk-sommeridyl,sverige,1,0,1,1,0,1,9995,2339,1
https://smilrejser.dk/flodkrydstogter/flodkrydstogt-paa-rhone-floden,/flodkrydstogter/flodkrydstogt-paa-rhone-floden,flodkrydstogter,1,0,1,0,0,1,17995,3431,1
https://smilrejser.dk/spanien/andalusiens-lys-med-cadiz-og-sevilla,/spanien/andalusiens-lys-med-cadiz-og-sevilla,spanien,2,0,1,0,0,1,12995,3313,1
https://smilrejser.dk/portugal/nytaarsrejse-til-lissabon,/portugal/nytaarsrejse-til-lissabon,portugal,1,0,1,0,0,1,9995,2368,1
https://smilrejser.dk/portugal/mageloese_madeira_med_blomsterfestival,/portugal/mageloese_madeira_med_blomsterfestival,portugal,1,0,1,0,0,1,13495,3946,1
https://smilrejser.dk/spanien/solformoerkelse-i-spanien-med-astrofysiker-michael-linden-voernle,/spanien/solformoerkelse-i-spanien-med-astrofysiker-michael-linden-voernle,spanien,0,1,1,0,0,0,,2038,1
https://smilrejser.dk/spanien/solformoerkelse-i-spanien-bilbao,/spanien/solformoerkelse-i-spanien-bilbao,spanien,0,1,1,0,0,0,,2018,1
https://smilrejser.dk/italien/amalfi-a-la-carte,/italien/amalfi-a-la-carte,italien,9,0,1,1,1,1,8995,4654,1
https://smilrejser.dk/sri-lanka/sri-lanka-for-livsnydere,/sri-lanka/sri-lanka-for-livsnydere,sri-lanka,1,0,1,0,0,1,20995,3706,1
https://smilrejser.dk/flodkrydstogter/flodkrydstogt-paa-rhone-floden-2027,/flodkrydstogter/flodkrydstogt-paa-rhone-floden-2027,flodkrydstogter,0,0,1,0,0,1,17995,3425,1
https://smilrejser.dk/sydafrika/sydafrika-for-livsnydere,/sydafrika/sydafrika-for-livsnydere,sydafrika,0,1,1,0,0,0,,3462,1
https://smilrejser.dk/spanien/rundrejse-i-andalusien-med-tog,/spanien/rundrejse-i-andalusien-med-tog,spanien,1,0,1,1,0,1,12995,3373,1
https://smilrejser.dk/flodkrydstogter/flodkrydstogt-paa-donaufloden,/flodkrydstogter/flodkrydstogt-paa-donaufloden,flodkrydstogter,0,1,1,0,0,0,,3081,1
https://smilrejser.dk/frankrig/flodkrydstogt-paa-rhinen-og-tur-med-gletsjerekspressen,/frankrig/flodkrydstogt-paa-rhinen-og-tur-med-gletsjerekspressen,frankrig,2,0,1,1,0,1,14995,3885,1
https://smilrejser.dk/portugal/lissabon-a-la-carte,/portugal/lissabon-a-la-carte,portugal,1,0,1,0,0,1,8995,2281,1
https://smilrejser.dk/kina/vandreferie-paa-den-kinesiske-mur,/kina/vandreferie-paa-den-kinesiske-mur,kina,2,0,1,1,0,1,17495,4300,1
https://smilrejser.dk/portugal/portugals-groenne-oerige-azorerne-og-madeira,/portugal/portugals-groenne-oerige-azorerne-og-madeira,portugal,2,0,1,0,0,1,14995,4682,1
https://smilrejser.dk/kina/kina-pagoder-pandaer-og-paladser,/kina/kina-pagoder-pandaer-og-paladser,kina,1,0,1,0,0,1,29995,5001,1
https://smilrejser.dk/kina/kina-og-tibet-ekspressen,/kina/kina-og-tibet-ekspressen,kina,1,0,1,0,0,1,29995,4478,1
https://smilrejser.dk/spanien/fra-bilbao-til-bordeaux-en-kulturel-rejse-gennem-baskerland-og-sydfrankrig,/spanien/fra-bilbao-til-bordeaux-en-kulturel-rejse-gennem-baskerland-og-sydfrankrig,spanien,1,0,1,1,0,1,15995,3347,1
https://smilrejser.dk/marokko/farverige-marokko-fra-tanger-til-marrakech,/marokko/farverige-marokko-fra-tanger-til-marrakech,marokko,0,1,1,0,0,0,,3530,1
https://smilrejser.dk/skotland/haverejse-til-skotland,/skotland/haverejse-til-skotland,skotland,2,0,1,0,1,1,16495,4283,1
https://smilrejser.dk/sydafrika/sydafrika-et-eventyr-i-tre-akter,/sydafrika/sydafrika-et-eventyr-i-tre-akter,sydafrika,0,1,1,0,0,0,,4545,1
https://smilrejser.dk/portugal/lissabon-og-alentejos-herligheder,/portugal/lissabon-og-alentejos-herligheder,portugal,0,1,1,0,0,0,,3118,1
https://smilrejser.dk/italien/hjertet-af-italien-paa-elcykel,/italien/hjertet-af-italien-paa-elcykel,italien,0,1,1,0,0,0,,2051,1
https://smilrejser.dk/skotland/sommer-i-skotland,/skotland/sommer-i-skotland,skotland,0,1,1,0,0,0,,3080,1
https://smilrejser.dk/sydafrika/sydafrika-cape-cabernet-og-safari,/sydafrika/sydafrika-cape-cabernet-og-safari,sydafrika,2,0,1,0,0,1,22995,4481,1
https://smilrejser.dk/italien/siciliens-riviera,/italien/siciliens-riviera,italien,0,1,1,0,0,0,,2767,1
https://smilrejser.dk/baltikum/den-baltiske-odysse,/baltikum/den-baltiske-odysse,baltikum,0,1,1,0,0,0,,2443,1
https://smilrejser.dk/portugal/haverejse-til-nordportugal,/portugal/haverejse-til-nordportugal,portugal,1,0,1,0,0,1,10995,2844,1
https://smilrejser.dk/bulgarien/bulgariens-skjulte-skatte,/bulgarien/bulgariens-skjulte-skatte,bulgarien,0,1,1,0,0,0,,2505,1
https://smilrejser.dk/flodkrydstogter/douro-deluxe-flodkrydstogt-paa-dourofloden,/flodkrydstogter/douro-deluxe-flodkrydstogt-paa-dourofloden,flodkrydstogter,0,1,1,0,0,0,,1749,1
https://smilrejser.dk/tjekkiet/magiske-prag-en-kulturrejse-i-europas-hjerte,/tjekkiet/magiske-prag-en-kulturrejse-i-europas-hjerte,tjekkiet,0,1,1,0,0,0,,2070,1
https://smilrejser.dk/georgien/vandreferie-i-georgien-svaneti,/georgien/vandreferie-i-georgien-svaneti,georgien,0,1,1,0,0,0,,2234,1
https://smilrejser.dk/italien/sommer-ved-gardasoeen,/italien/sommer-ved-gardasoeen,italien,0,1,1,0,0,0,,2489,1
https://smilrejser.dk/spanien/solformoerkelse-i-spanien-valencia,/spanien/solformoerkelse-i-spanien-valencia,spanien,0,1,1,0,0,0,,1642,1
https://smilrejser.dk/balkan/betagende-syd-balkan,/balkan/betagende-syd-balkan,balkan,0,1,1,0,0,0,,3617,1
https://smilrejser.dk/cypern/charmerende-cypern-kultur-og-livsnydelse,/cypern/charmerende-cypern-kultur-og-livsnydelse,cypern,0,1,1,0,0,0,,1814,1
https://smilrejser.dk/norge/haverejse-til-stavanger,/norge/haverejse-til-stavanger,norge,0,1,1,0,0,0,,2008,1
https://smilrejser.dk/portugal/essensen-af-madeira,/portugal/essensen-af-madeira,portugal,0,1,1,0,0,0,,3166,1
https://smilrejser.dk/jordan/vandreferie-i-jordan,/jordan/vandreferie-i-jordan,jordan,0,1,1,0,0,0,,3338,1
https://smilrejser.dk/portugal/mageloese_madeira_med_blomsterfestivalen,/portugal/mageloese_madeira_med_blomsterfestivalen,portugal,0,1,1,0,0,0,,2918,1
https://smilrejser.dk/italien/napoli-og-amalfikysten-storbyens-puls-og-kystens-hoejdepunkter,/italien/napoli-og-amalfikysten-storbyens-puls-og-kystens-hoejdepunkter,italien,0,1,1,0,0,0,,3067,1
https://smilrejser.dk/balkan/betagende-nord-balkan,/balkan/betagende-nord-balkan,balkan,0,1,1,0,0,0,,2887,1
https://smilrejser.dk/graekenland/nordgraekenland-mellem-himmel-og-hav,/graekenland/nordgraekenland-mellem-himmel-og-hav,graekenland,1,0,1,1,0,1,13995,2503,1
https://smilrejser.dk/portugal/vandreferie-paa-madeira,/portugal/vandreferie-paa-madeira,portugal,10,0,1,1,0,1,12995,4526,1
https://smilrejser.dk/portugal/vandreferie-paa-algarvekysten,/portugal/vandreferie-paa-algarvekysten,portugal,2,0,1,1,0,1,13995,3995,1
https://smilrejser.dk/faeroeerne/fabelagtige-faeroerne,/faeroeerne/fabelagtige-faeroerne,faeroeerne,0,1,1,0,0,0,,3254,1
https://smilrejser.dk/italien/cilento-det-hemmelige-syditalienske-paradis,/italien/cilento-det-hemmelige-syditalienske-paradis,italien,2,0,1,1,1,1,12995,2337,1
https://smilrejser.dk/italien/vidunderlige-amalfi,/italien/vidunderlige-amalfi,italien,22,0,1,1,1,1,10995,5354,1
https://smilrejser.dk/italien/kulinariske-vandringer-paa-amalfikysten,/italien/kulinariske-vandringer-paa-amalfikysten,italien,5,0,1,0,0,1,8995,4080,1
https://smilrejser.dk/england/vandreferie-i-lake-district,/england/vandreferie-i-lake-district,england,0,1,1,0,0,0,,3764,1
https://smilrejser.dk/flodkrydstogter/flodkrydstogt-paa-douro-floden,/flodkrydstogter/flodkrydstogt-paa-douro-floden,flodkrydstogter,0,1,1,0,0,0,,3234,1
https://smilrejser.dk/italien/et-syditaliensk-eventyr,/italien/et-syditaliensk-eventyr,italien,8,0,1,0,1,1,13995,2910,1
https://smilrejser.dk/italien/opera-verona,/italien/opera-verona,italien,1,0,1,0,1,1,10495,2405,1
https://smilrejser.dk/italien/vidunderlige-norditalien,/italien/vidunderlige-norditalien,italien,2,0,1,0,1,1,11995,2122,1
https://smilrejser.dk/schweiz/toppen-af-alperne-med-gletsjer-ekspressen,/schweiz/toppen-af-alperne-med-gletsjer-ekspressen,schweiz,0,0,1,0,0,1,20495,2643,1
https://smilrejser.dk/marokko/marokko-blandt-berbere-og-beduiner,/marokko/marokko-blandt-berbere-og-beduiner,marokko,1,0,1,0,0,1,17495,4159,1
https://smilrejser.dk/italien/vesuvs-arkaeologiske-skygge,/italien/vesuvs-arkaeologiske-skygge,italien,6,0,1,0,1,1,11995,2977,1
https://smilrejser.dk/italien/puccini-operarejse-til-toscana,/italien/puccini-operarejse-til-toscana,italien,0,1,1,0,0,0,,2263,1
https://smilrejser.dk/italien/vidunderlige-toscana,/italien/vidunderlige-toscana,italien,3,0,1,0,1,1,9995,2783,1
https://smilrejser.dk/italien/gardasoeens-herligheder,/italien/gardasoeens-herligheder,italien,2,0,1,1,0,1,9995,2636,1
https://smilrejser.dk/portugal/nytaarsrejse-til-madeira,/portugal/nytaarsrejse-til-madeira,portugal,1,0,1,0,0,1,17495,4367,1
https://smilrejser.dk/graekenland/unik-rundrejse-paa-peloponnes,/graekenland/unik-rundrejse-paa-peloponnes,graekenland,1,0,1,1,0,1,15095,3417,1
https://smilrejser.dk/oman/oman-det-fortryllende-oerkenland,/oman/oman-det-fortryllende-oerkenland,oman,0,1,1,0,0,0,,2963,1
https://smilrejser.dk/irland/fortryllende-irland,/irland/fortryllende-irland,irland,2,0,1,0,0,1,15995,4302,1
https://smilrejser.dk/cypern/cypern-afrodites-smukke-oe,/cypern/cypern-afrodites-smukke-oe,cypern,1,0,1,0,0,1,11495,2123,1
https://smilrejser.dk/italien/klassiske-sicilien,/italien/klassiske-sicilien,italien,2,0,1,0,0,1,15495,3485,1
https://smilrejser.dk/portugal/paa-opdagelse-i-portugal,/portugal/paa-opdagelse-i-portugal,portugal,3,0,1,1,0,1,15495,4637,1
https://smilrejser.dk/portugal/porto-og-douro-dalens-herligheder,/portugal/porto-og-douro-dalens-herligheder,portugal,2,0,1,1,1,1,13695,4331,1
https://smilrejser.dk/portugal/cascais-portugals-riviera,/portugal/cascais-portugals-riviera,portugal,2,0,1,0,0,1,7695,2753,1
https://smilrejser.dk/italien/vin-og-gastronomi-i-piemonte,/italien/vin-og-gastronomi-i-piemonte,italien,1,0,1,0,1,1,13995,2147,1
https://smilrejser.dk/skotland/vandreferie-i-skotland,/skotland/vandreferie-i-skotland,skotland,2,0,1,1,0,1,15995,4102,1
https://smilrejser.dk/frankrig/sydfranske-eventyr-i-provence,/frankrig/sydfranske-eventyr-i-provence,frankrig,2,0,1,1,0,1,13495,2786,1
https://smilrejser.dk/flodkrydstogter/flodkrydstogt-paa-rhinen,/flodkrydstogter/flodkrydstogt-paa-rhinen,flodkrydstogter,0,1,1,0,0,0,,3195,1
https://smilrejser.dk/flodkrydstogter/flodkrydstogt-paa-seinen,/flodkrydstogter/flodkrydstogt-paa-seinen,flodkrydstogter,1,0,1,1,0,1,16995,3298,1
https://smilrejser.dk/italien/nytaar-i-det-historiske-rom,/italien/nytaar-i-det-historiske-rom,italien,1,0,1,0,0,1,11995,1852,1
https://smilrejser.dk/albanien/autentiske-albanien,/albanien/autentiske-albanien,albanien,1,0,1,1,0,1,12295,2570,1
https://smilrejser.dk/portugal/mageloese-madeira,/portugal/mageloese-madeira,portugal,34,0,1,1,1,1,10995,6771,1
https://smilrejser.dk/spanien/andalusiens-herligheder,/spanien/andalusiens-herligheder,spanien,2,0,1,0,0,1,7495,2368,1
https://smilrejser.dk/sri-lanka/klassiske-sri-lanka,/sri-lanka/klassiske-sri-lanka,sri-lanka,1,0,1,0,0,1,26995,5452,1
https://smilrejser.dk/england/sydenglands-stolthed-og-charme-fra-stonehenge-og-shakespeare-til-downton-abbey,/england/sydenglands-stolthed-og-charme-fra-stonehenge-og-shakespeare-til-downton-abbey,england,0,1,1,0,0,0,,3050,1
https://smilrejser.dk/jordan/jordan-et-magisk-kongerige,/jordan/jordan-et-magisk-kongerige,jordan,0,1,1,0,0,0,,3172,1
https://smilrejser.dk/spanien/det-gode-liv-langtidsferie-i-andalusien,/spanien/det-gode-liv-langtidsferie-i-andalusien,spanien,2,0,1,0,0,1,15490,1854,1
https://smilrejser.dk/skotland/sagnomspundne-skotland,/skotland/sagnomspundne-skotland,skotland,4,0,1,1,0,1,14995,3878,1
https://smilrejser.dk/italien/vandreferie-ved-gardasoeen,/italien/vandreferie-ved-gardasoeen,italien,0,1,1,0,0,0,,2202,1
https://smilrejser.dk/marokko/magiske-marrakech-og-essaouira,/marokko/magiske-marrakech-og-essaouira,marokko,4,0,1,0,0,1,11995,3775,1
https://smilrejser.dk/sydkorea/essensen-af-sydkorea,/sydkorea/essensen-af-sydkorea,sydkorea,4,0,1,1,0,1,24995,4066,1
https://smilrejser.dk/graekenland/oe-hop-i-graekenland,/graekenland/oe-hop-i-graekenland,graekenland,1,0,1,1,0,1,13795,3194,1
https://smilrejser.dk/england/haverejse-i-england-med-chelsea-flower-show,/england/haverejse-i-england-med-chelsea-flower-show,england,1,0,1,0,0,1,13995,2851,1
https://smilrejser.dk/portugal/vidunderlige-madeira,/portugal/vidunderlige-madeira,portugal,0,1,1,0,0,0,,2282,1
https://smilrejser.dk/portugal/idylliske-tavira,/portugal/idylliske-tavira,portugal,0,1,1,0,0,0,,1886,1
https://smilrejser.dk/portugal/vandreferie-i-portugal,/portugal/vandreferie-i-portugal,portugal,0,1,1,0,0,0,,3147,1
https://smilrejser.dk/irland/vandreferie-i-irland,/irland/vandreferie-i-irland,irland,0,1,1,0,0,0,,3060,1
https://smilrejser.dk/indien/sydindiens-guddommelige-hjerte-kerala,/indien/sydindiens-guddommelige-hjerte-kerala,indien,2,0,1,0,0,1,19995,4591,1
https://smilrejser.dk/flodkrydstogter/flodkrydstogt-fra-alsace-til-toppen-af-de-schweiziske-alper,/flodkrydstogter/flodkrydstogt-fra-alsace-til-toppen-af-de-schweiziske-alper,flodkrydstogter,0,1,1,0,0,0,,1359,1
https://smilrejser.dk/italien/sommer-paa-amalfikysten,/italien/sommer-paa-amalfikysten,italien,0,1,1,0,0,0,,2296,1
https://smilrejser.dk/spanien/tenerife-det-evige-foraars-oe,/spanien/tenerife-det-evige-foraars-oe,spanien,0,1,1,0,0,1,10995,1760,1
https://smilrejser.dk/kroatien/kroatiens-smukke-kyst,/kroatien/kroatiens-smukke-kyst,kroatien,0,1,1,0,0,0,,1739,1
https://smilrejser.dk/italien/vandreferie-i-cinque-terre,/italien/vandreferie-i-cinque-terre,italien,0,1,1,0,0,1,12995,2312,1
https://smilrejser.dk/portugal/praegtige-portugal,/portugal/praegtige-portugal,portugal,0,1,1,0,0,0,,2588,1
https://smilrejser.dk/polen/kulturel-kvalitetstid-i-krakow,/polen/kulturel-kvalitetstid-i-krakow,polen,0,1,1,0,0,0,,1922,1
https://smilrejser.dk/portugal/nytaar-paa-algarvekysten,/portugal/nytaar-paa-algarvekysten,portugal,0,1,1,0,0,0,,2255,1
https://smilrejser.dk/spanien/andalusien-til-saerpris,/spanien/andalusien-til-saerpris,spanien,0,1,1,0,0,0,,1894,1
https://smilrejser.dk/spanien/vandreferie-paa-caminoen,/spanien/vandreferie-paa-caminoen,spanien,0,1,1,0,0,0,,2115,1
https://smilrejser.dk/spanien/maleriske-mallorca,/spanien/maleriske-mallorca,spanien,0,1,1,0,0,0,,1735,1
https://smilrejser.dk/irland/musikfestival-i-dublin,/irland/musikfestival-i-dublin,irland,1,0,1,0,0,1,9395,1941,1
https://smilrejser.dk/portugal/azorerne-den-groenne-oe-sao-miguel,/portugal/azorerne-den-groenne-oe-sao-miguel,portugal,0,1,1,0,0,1,14995,1984,1
https://smilrejser.dk/slovenien/ljubljana-og-de-slovenske-perler,/slovenien/ljubljana-og-de-slovenske-perler,slovenien,0,1,1,0,0,0,,1809,1
https://smilrejser.dk/italien/charmerende-cinque-terre,/italien/charmerende-cinque-terre,italien,2,0,1,0,1,1,12495,2414,1
https://smilrejser.dk/spanien/madrid-spaniens-hjerte,/spanien/madrid-spaniens-hjerte,spanien,4,0,1,0,0,1,8495,1980,1
https://smilrejser.dk/italien/rom-den-evige-stad,/italien/rom-den-evige-stad,italien,3,0,1,0,0,1,12995,3439,1
https://smilrejser.dk/graekenland/vandreferie-i-graekenland,/graekenland/vandreferie-i-graekenland,graekenland,0,1,1,0,0,0,,2959,1
https://smilrejser.dk/italien/andrea-bocelli-i-toscana,/italien/andrea-bocelli-i-toscana,italien,0,1,1,0,0,1,11995,1663,1
https://smilrejser.dk/graekenland/smagen-af-kreta,/graekenland/smagen-af-kreta,graekenland,0,1,1,0,0,1,11995,1754,1
https://smilrejser.dk/tyrkiet/maegtige-istanbul,/tyrkiet/maegtige-istanbul,tyrkiet,0,1,1,0,0,0,,1532,1
https://smilrejser.dk/indien/rajasthan-indiens-juvel,/indien/rajasthan-indiens-juvel,indien,2,0,1,0,0,1,19995,5455,1
https://smilrejser.dk/spanien/fra-bilbao-til-toulouse,/spanien/fra-bilbao-til-toulouse,spanien,0,1,1,0,0,0,,2244,1
https://smilrejser.dk/jul-og-nytaar/nytaars-rejser,/jul-og-nytaar/nytaars-rejser,jul-og-nytaar,0,0,0,1,0,1,9995,352,1
https://smilrejser.dk/marokko/rabat,/marokko/rabat,marokko,0,0,0,1,0,0,,2052,1
https://smilrejser.dk/naturrejser/solfoermoerkelsesrejser,/naturrejser/solfoermoerkelsesrejser,naturrejser,0,0,0,1,0,0,,367,1
https://smilrejser.dk/polen/krakow,/polen/krakow,polen,0,0,0,1,0,0,,2025,1
https://smilrejser.dk/spanien/madrid,/spanien/madrid,spanien,0,0,0,0,0,1,8495,1976,1
https://smilrejser.dk/naturrejser/haverejser,/naturrejser/haverejser,naturrejser,0,0,0,1,0,1,10995,733,1
https://smilrejser.dk/musik-og-underholdning/koncert-rejser,/musik-og-underholdning/koncert-rejser,musik-og-underholdning,0,0,0,1,0,1,9395,222,1
https://smilrejser.dk/portugal/algarve,/portugal/algarve,portugal,0,0,0,1,0,1,13995,2233,1
https://smilrejser.dk/portugal/tavira,/portugal/tavira,portugal,0,0,0,1,0,1,13995,2228,1
https://smilrejser.dk/marokko/marrakech,/marokko/marrakech,marokko,0,0,0,1,0,1,11995,2000,1
https://smilrejser.dk/marokko/tanger,/marokko/tanger,marokko,0,0,0,1,0,0,,1920,1
https://smilrejser.dk/oestrig/salzburg,/oestrig/salzburg,oestrig,0,0,0,1,0,0,,2095,1
https://smilrejser.dk/portugal/porto,/portugal/porto,portugal,0,0,0,1,0,1,10995,2630,1
https://smilrejser.dk/spanien/granada,/spanien/granada,spanien,0,0,0,1,0,1,7495,2209,1
https://smilrejser.dk/portugal/azorerne,/portugal/azorerne,portugal,0,0,0,1,0,1,14995,2293,1
https://smilrejser.dk/oestrig/wien,/oestrig/wien,oestrig,0,0,0,1,0,0,,1962,1
https://smilrejser.dk/italien/milano,/italien/milano,italien,0,0,0,0,0,0,,1763,0
https://smilrejser.dk/tjekkiet/prag,/tjekkiet/prag,tjekkiet,0,0,0,1,0,0,,1666,1
https://smilrejser.dk/oestrig/tyrol,/oestrig/tyrol,oestrig,0,0,0,1,0,0,,1904,1
https://smilrejser.dk/kina/beijing,/kina/beijing,kina,0,0,0,0,0,1,17495,1675,1
https://smilrejser.dk/serbien/beograd,/serbien/beograd,serbien,0,0,0,1,0,0,,1769,1
https://smilrejser.dk/portugal/cascais,/portugal/cascais,portugal,0,0,0,0,0,1,7695,2204,1
https://smilrejser.dk/skotland/edinburgh,/skotland/edinburgh,skotland,0,0,0,1,0,1,14995,2400,1
https://smilrejser.dk/oestrig/innsbruck,/oestrig/innsbruck,oestrig,0,0,0,1,0,0,,2011,1
https://smilrejser.dk/spanien/bilbao,/spanien/bilbao,spanien,0,0,0,1,0,1,15995,1985,1
https://smilrejser.dk/england/chester,/england/chester,england,0,0,0,0,0,0,,1562,0
https://smilrejser.dk/england/liverpool,/england/liverpool,england,0,0,0,0,0,0,,1891,0
https://smilrejser.dk/portugal/lissabon,/portugal/lissabon,portugal,0,0,0,1,0,1,7695,2511,1
https://smilrejser.dk/spanien/andalusien,/spanien/andalusien,spanien,0,0,0,1,0,1,7495,2376,1
https://smilrejser.dk/spanien/caminoen,/spanien/caminoen,spanien,0,0,0,1,0,0,,1861,1
https://smilrejser.dk/spanien/barcelona,/spanien/barcelona,spanien,0,0,0,0,0,0,,2312,0
https://smilrejser.dk/spanien/granada/alhambra,/spanien/granada/alhambra,spanien,0,0,0,0,0,1,7495,377,1
https://smilrejser.dk/bosnien/sarajevo,/bosnien/sarajevo,bosnien,0,0,0,1,0,0,,2229,1
https://smilrejser.dk/litauen/vilnius,/litauen/vilnius,litauen,0,0,0,1,0,0,,1721,1
https://smilrejser.dk/letland/riga,/letland/riga,letland,0,0,0,1,0,0,,1891,1
https://smilrejser.dk/portugal/madeira,/portugal/madeira,portugal,0,0,0,1,0,1,10995,2528,1
https://smilrejser.dk/naturrejser/blomsterrejser,/naturrejser/blomsterrejser,naturrejser,0,0,0,1,0,1,10995,847,1
https://smilrejser.dk/england/bath,/england/bath,england,0,0,0,1,0,0,,1877,1
https://smilrejser.dk/england/cornwall,/england/cornwall,england,0,0,0,0,0,0,,1841,0
https://smilrejser.dk/portugal/portugal-langtidsferie,/portugal/portugal-langtidsferie,portugal,0,0,0,0,0,0,,130,0
https://smilrejser.dk/kroatien/trogir,/kroatien/trogir,kroatien,0,0,0,1,0,0,,2022,1
https://smilrejser.dk/italien/ischia,/italien/ischia,italien,0,0,0,0,0,0,,2259,0
https://smilrejser.dk/tyrkiet/istanbul,/tyrkiet/istanbul,tyrkiet,0,0,0,1,0,0,,2357,1
https://smilrejser.dk/italien/rom,/italien/rom,italien,0,0,0,0,0,1,11995,2187,1
https://smilrejser.dk/graekenland/athen,/graekenland/athen,graekenland,0,0,0,1,0,1,13795,2080,1
https://smilrejser.dk/graekenland/peloponnes,/graekenland/peloponnes,graekenland,0,0,0,1,0,1,15095,2208,1
https://smilrejser.dk/italien/napoli,/italien/napoli,italien,0,0,0,1,0,1,11995,2343,1
https://smilrejser.dk/italien/syditalien,/italien/syditalien,italien,0,0,0,1,0,1,8995,2625,1
https://smilrejser.dk/italien/gardasoeen,/italien/gardasoeen,italien,0,0,0,1,0,1,9995,2457,1
https://smilrejser.dk/italien/norditalien,/italien/norditalien,italien,0,0,0,1,0,1,9995,2337,1
https://smilrejser.dk/italien/verona,/italien/verona,italien,0,0,0,1,0,1,10495,1992,1
https://smilrejser.dk/italien/venedig,/italien/venedig,italien,0,0,0,0,0,1,9995,2240,1
https://smilrejser.dk/italien/sicilien,/italien/sicilien,italien,0,0,0,1,0,1,15495,2410,1
https://smilrejser.dk/italien/ravello,/italien/ravello,italien,0,0,0,1,0,1,10995,2247,1
https://smilrejser.dk/frankrig/normandiet,/frankrig/normandiet,frankrig,0,0,0,1,0,1,16995,2062,1
https://smilrejser.dk/frankrig/provence,/frankrig/provence,frankrig,0,0,0,1,0,1,17995,1986,1
https://smilrejser.dk/frankrig/saint-tropez,/frankrig/saint-tropez,frankrig,0,0,0,1,0,1,13495,1943,1
https://smilrejser.dk/frankrig/seinen,/frankrig/seinen,frankrig,0,0,0,1,0,1,7995,2037,1
https://smilrejser.dk/italien/sorrento,/italien/sorrento,italien,0,0,0,0,0,0,,2102,0
https://smilrejser.dk/frankrig/strasbourg,/frankrig/strasbourg,frankrig,0,0,0,1,0,0,,1767,1
https://smilrejser.dk/italien/stresa,/italien/stresa,italien,0,0,0,1,0,1,11995,2275,1
https://smilrejser.dk/italien/toscana,/italien/toscana,italien,0,0,0,1,0,1,9995,2019,1
https://smilrejser.dk/italien/umbrien,/italien/umbrien,italien,0,0,0,0,0,0,,2036,0
https://smilrejser.dk/irland/kilkenny,/irland/kilkenny,irland,0,0,0,0,0,1,15995,1858,1
https://smilrejser.dk/italien/lago-maggiore,/italien/lago-maggiore,italien,0,0,0,1,0,1,20495,2513,1
https://smilrejser.dk/italien/pompeji,/italien/pompeji,italien,0,0,0,0,0,1,10995,2191,1
https://smilrejser.dk/italien/piemonte,/italien/piemonte,italien,0,0,0,0,0,1,11995,2083,1
https://smilrejser.dk/italien/amalfikysten,/italien/amalfikysten,italien,0,0,0,1,0,1,8995,1349,1
https://smilrejser.dk/italien/apulien,/italien/apulien,italien,0,0,0,0,0,1,13995,2007,1
https://smilrejser.dk/belgien/bruxelles,/belgien/bruxelles,belgien,0,0,0,0,0,0,,2241,0
https://smilrejser.dk/sverige/gotland,/sverige/gotland,sverige,0,0,0,1,0,1,9995,2438,1
https://smilrejser.dk/faeroeerne/torshavn,/faeroeerne/torshavn,faeroeerne,0,0,0,1,0,0,,2261,1
https://smilrejser.dk/irland/dublin,/irland/dublin,irland,0,0,0,1,0,1,9395,2144,1
https://smilrejser.dk/tyskland/munchen,/tyskland/munchen,tyskland,0,0,0,1,0,0,,2082,1
https://smilrejser.dk/italien/genova,/italien/genova,italien,0,0,0,0,0,1,12495,2279,1
https://smilrejser.dk/kroatien/dubrovnik,/kroatien/dubrovnik,kroatien,0,0,0,1,0,0,,2076,1
https://smilrejser.dk/italien/firenze,/italien/firenze,italien,0,0,0,1,0,1,9995,1979,1
https://smilrejser.dk/italien/cinque-terre,/italien/cinque-terre,italien,0,0,0,0,0,1,12495,1918,1
https://smilrejser.dk/frankrig/paris,/frankrig/paris,frankrig,0,0,0,1,0,1,7995,2243,1
https://smilrejser.dk/bosnien/mostar,/bosnien/mostar,bosnien,0,0,0,1,0,0,,2060,1
https://smilrejser.dk/england/london,/england/london,england,0,0,0,0,0,1,13995,1692,1
https://smilrejser.dk/estland/tallinn,/estland/tallinn,estland,0,0,0,1,0,0,,1618,1
https://smilrejser.dk/holland/amsterdam,/holland/amsterdam,holland,0,0,0,1,0,0,,1569,1
https://smilrejser.dk/tyskland/koln,/tyskland/koln,tyskland,0,0,0,1,0,0,,1799,1
https://smilrejser.dk/england/sydengland,/england/sydengland,england,0,0,0,0,0,1,12995,2499,1
https://smilrejser.dk/kroatien/split,/kroatien/split,kroatien,0,0,0,0,0,0,,2309,0
https://smilrejser.dk/belgien/antwerpen,/belgien/antwerpen,belgien,0,0,0,0,0,0,,1948,0
https://smilrejser.dk/graekenland/mykonos,/graekenland/mykonos,graekenland,0,0,0,0,0,0,,1902,0
https://smilrejser.dk/graekenland/santorini,/graekenland/santorini,graekenland,0,0,0,0,0,0,,2126,0
https://smilrejser.dk/portugal/madeira/madeira-vandreferie,/portugal/madeira/madeira-vandreferie,portugal,0,0,0,1,0,1,12995,215,1
https://smilrejser.dk/england/haverejser-england,/england/haverejser-england,england,0,0,0,0,0,1,12995,270,1
https://smilrejser.dk/portugal/madeira/madeira-rundrejser,/portugal/madeira/madeira-rundrejser,portugal,0,0,0,0,0,1,14995,185,1
https://smilrejser.dk/portugal/madeira/madeira-blomsterfestival,/portugal/madeira/madeira-blomsterfestival,portugal,0,0,0,1,0,1,13495,214,1
https://smilrejser.dk/portugal/portugal-flodkrydstogter,/portugal/portugal-flodkrydstogter,portugal,0,0,0,1,0,0,,239,1
https://smilrejser.dk/schweiz/schweiz-togrejser,/schweiz/schweiz-togrejser,schweiz,0,0,0,1,0,1,20495,218,1
https://smilrejser.dk/spanien/mallorca/soller,/spanien/mallorca/soller,spanien,0,0,0,1,0,0,,1753,1
https://smilrejser.dk/spanien/mallorca,/spanien/mallorca,spanien,0,0,0,1,0,0,,2107,1
https://smilrejser.dk/spanien/mallorca/palma,/spanien/mallorca/palma,spanien,0,0,0,1,0,0,,1812,1
https://smilrejser.dk/musik-og-underholdning/koncert-rejser/andrea-bocelli,/musik-og-underholdning/koncert-rejser/andrea-bocelli,musik-og-underholdning,0,0,0,1,0,0,,180,1
https://smilrejser.dk/jul-og-nytaar/julerejser,/jul-og-nytaar/julerejser,jul-og-nytaar,0,0,0,0,0,1,13995,177,1
https://smilrejser.dk/musik-og-underholdning/operarejser,/musik-og-underholdning/operarejser,musik-og-underholdning,0,0,0,1,0,1,10495,372,1
https://smilrejser.dk/spanien/tenerife,/spanien/tenerife,spanien,0,0,0,1,0,0,,2398,1
https://smilrejser.dk/spanien/ronda,/spanien/ronda,spanien,0,0,0,0,0,0,,1928,0
https://smilrejser.dk/ungarn/budapest,/ungarn/budapest,ungarn,0,0,0,1,0,0,,2089,1
https://smilrejser.dk/england/rundrejser-england,/england/rundrejser-england,england,0,0,0,1,0,0,,232,1
https://smilrejser.dk/frankrig/rouen,/frankrig/rouen,frankrig,0,0,0,1,0,1,16995,2042,1
https://smilrejser.dk/frankrig/cannes,/frankrig/cannes,frankrig,0,0,0,1,0,1,13495,2001,1
https://smilrejser.dk/madrejser/gastronomirejser,/madrejser/gastronomirejser,madrejser,0,0,0,1,0,1,11995,513,1
https://smilrejser.dk/italien/amalfi,/italien/amalfi,italien,0,0,0,1,0,1,8995,2520,1
https://smilrejser.dk/vinrejser/portvinsrejser,/vinrejser/portvinsrejser,vinrejser,0,0,0,1,0,1,10995,830,1
https://smilrejser.dk/spanien/san-sebastian,/spanien/san-sebastian,spanien,0,0,0,1,0,1,15995,1980,1
https://smilrejser.dk/portugal/portugal-rundrejser,/portugal/portugal-rundrejser,portugal,0,0,0,1,0,1,10995,428,1
https://smilrejser.dk/spanien/malaga,/spanien/malaga,spanien,0,0,0,1,0,1,12995,2284,1
https://smilrejser.dk/italien/amalfi/amalfi-kulturrejser,/italien/amalfi/amalfi-kulturrejser,italien,0,0,0,1,0,1,8995,518,1
https://smilrejser.dk/england/oxford,/england/oxford,england,0,0,0,1,0,0,,2106,1
https://smilrejser.dk/italien/apulien/apulien-kulturrejser,/italien/apulien/apulien-kulturrejser,italien,0,0,0,0,0,1,13995,191,1
https://smilrejser.dk/portugal/portugal-kulturrejser,/portugal/portugal-kulturrejser,portugal,0,0,0,1,0,1,7695,1328,1
https://smilrejser.dk/portugal/madeira/madeira-langtidsferie,/portugal/madeira/madeira-langtidsferie,portugal,0,0,0,0,0,0,,134,0
https://smilrejser.dk/europa/kulturrejser,/europa/kulturrejser,europa,0,0,0,1,0,1,7495,4873,1
